INSERT INTO roles (name) VALUES
('Менеджер з продажу турів'),
('Менеджер з персоналу'),
('Керівник агентства'),
('Бухгалтер');

INSERT INTO countries (name) VALUES
('Туреччина'),
('Єгипет'),
('Іспанія'),
('Греція'),
('Чорногорія'),
('Італія'),
('Болгарія'),
('Хорватія'),
('Кіпр'),
('ОАЕ');

INSERT INTO tour_operators (name, phone, email, address, notes) VALUES
('Сонячні Мандри', '+380441110101', 'info@suntravels.ua', 'м. Київ, вул. Хрещатик, 10', 'Надійний партнер по середземноморських напрямках'),
('Світ Турів', '+380442220202', 'office@worldtours.ua', 'м. Львів, пл. Ринок, 5', 'Спеціалізується на сімейному відпочинку'),
('Море й Пісок', '+380443330303', 'sales@seasand.ua', 'м. Одеса, вул. Дерибасівська, 18', 'Активно працює з Єгиптом і Туреччиною'),
('Глобал Тревел', '+380444440404', 'contact@globaltravel.ua', 'м. Дніпро, пр. Яворницького, 20', 'Європейські автобусні тури'),
('Альянс Тур', '+380445550505', 'mail@alliancetour.ua', 'м. Харків, вул. Сумська, 7', 'Пакетні тури для пар'),
('Відпустка Плюс', '+380446660606', 'info@holidayplus.ua', 'м. Запоріжжя, пр. Соборний, 44', 'Сезонні акції'),
('Мандрівник', '+380447770707', 'team@mandrivnyk.ua', 'м. Вінниця, вул. Соборна, 11', 'Індивідуальні підбори турів'),
('Океан Тур', '+380448880808', 'office@oceantour.ua', 'м. Полтава, вул. Європейська, 9', 'Морські курорти'),
('Експрес Вояж', '+380449990909', 'sales@voyage.ua', 'м. Черкаси, бул. Шевченка, 77', 'Швидке оформлення документів'),
('Преміум Тур Сервіс', '+380440001010', 'vip@premiumtour.ua', 'м. Київ, вул. Велика Васильківська, 50', 'VIP-обслуговування');


INSERT INTO carriers (name, transport_type, phone, email, status, notes) VALUES
('SkyUp Airlines', 'Літак', '+380444000001', 'support@skyup.aero', 'active', 'Регулярні чартерні рейси'),
('Turkish Airlines', 'Літак', '+380444000002', 'kyiv@thy.com', 'not active', 'Міжнародний авіаперевізник'),
('Intercity Travel Bus', 'Автобус', '+380444000003', 'info@intercitybus.ua', 'not active', 'Автобусні перевезення по Європі'),
('Pegasus Airlines', 'Літак', '+380444000004', 'help@pegasus.com', 'active','Лоукост для відпочинкових турів'),
('Wizz Air', 'Літак', '+380444000005', 'contact@wizzair.com', 'active', 'Бюджетні авіаперельоти'),
('Blue Sea Transfer', 'Трансфер', '+380444000006', 'service@bluesea.ua', 'active', 'Групові трансфери'),
('Mediterranean Bus', 'Автобус', '+380444000007', 'office@medbus.eu', 'active', 'Маршрути по Балканах'),
('Aegean Airlines', 'Літак', '+380444000008', 'support@aegeanair.com', 'active','Рейси до Греції'),
('Emirates', 'Літак', '+380444000009', 'uae@emirates.com', 'active','Напрямки до ОАЕ'),
('Sun Shuttle', 'Трансфер', '+380444000010', 'dispatch@sunshuttle.ua', 'active', 'Трансфери аеропорт-готель');

INSERT INTO promo_codes (code, discount_value, date_start, date_end, usage_limit) VALUES
('LITO2025', 10, '2025-06-01', '2025-08-31', 100),
('SEA500', 15, '2025-05-01', '2025-09-30', 50),
('FAMILY7', 10, '2025-01-01', '2025-12-31', 200),
('TRAVEL300', 30, '2025-02-01', '2025-10-31', 70),
('SUMMER15', 20, '2025-06-15', '2025-07-31', 40),
('EARLY2025', 17, '2025-01-01', '2025-03-31', 150),
('VIP1000', 5, '2025-04-01', '2025-12-31', 20),
('KIDS10', 25, '2025-05-01', '2025-09-01', 80),
('HOTEL250', 40, '2025-03-01', '2025-11-30', 120),
('AUTUMN8', 10, '2025-09-01', '2025-11-15', 60);

INSERT INTO clients (full_name, birth_date, phone, email, notes, created_at) VALUES
('Іваненко Олена Сергіївна', '1990-04-12', '+380671112233', 'olena.ivanenko@gmail.com', 'Шукає сімейний відпочинок біля моря', '2025-01-15 10:20:00'),
('Петренко Андрій Миколайович', '1985-09-03', '+380672223344', 'andriy.petrenko@gmail.com', 'Надає перевагу готелям 5 зірок', '2025-02-02 14:10:00'),
('Ковальчук Марія Олегівна', '1995-07-21', '+380673334455', 'm.kovalchuk@gmail.com', 'Хоче тур з мінімальними пересадками', '2025-03-11 09:00:00'),
('Шевченко Дмитро Ігорович', '1992-11-17', '+380674445566', 'd.shevchenko@gmail.com', 'Подорожує з дитиною', '2025-04-08 16:45:00'),
('Бондар Ірина Павлівна', '1988-05-06', '+380675556677', 'i.bondar@gmail.com', 'Цікавить раннє бронювання', '2025-02-18 12:30:00'),
('Мельник Василь Степанович', '1979-01-29', '+380676667788', 'v.melnyk@gmail.com', 'Полюбляє автобусні тури', '2025-01-22 08:15:00'),
('Ткачук Аліна Романівна', '1998-10-10', '+380677778899', 'a.tkachuk@gmail.com', 'Потрібен бюджетний тур', '2025-03-30 18:20:00'),
('Романюк Назар Олегович', '1993-12-14', '+380678889900', 'n.romaniuk@gmail.com', 'Цікавить пляжний відпочинок', '2025-04-05 11:05:00'),
('Гнатюк Софія Василівна', '2000-06-01', '+380679990011', 's.hnatiuk@gmail.com', 'Хоче тур до Іспанії', '2025-05-01 13:40:00'),
('Кравець Юлія Іванівна', '1987-08-19', '+380680001122', 'y.kravets@gmail.com', 'Подорожує з maleом', '2025-05-12 15:25:00');

INSERT INTO cities (country_id, name) VALUES
(1, 'Анталія'),
(1, 'Аланія'),
(2, 'Шарм-еш-Шейх'),
(2, 'Хургада'),
(3, 'Барселона'),
(4, 'Крит'),
(5, 'Будва'),
(6, 'Ріміні'),
(7, 'Сонячний Берег'),
(10, 'Дубай');

INSERT INTO hotels (city_id, name, address, description, phone, email) VALUES
(1, 'Sun Palace Resort', 'Анталія, район Лара, 1', 'Курортний готель з пляжем', '+902421110001', 'hotel1@mail.com'),
(2, 'Golden Bay Hotel', 'Аланія, Ataturk Cd, 15', 'Сімейний готель', '+902421110002', 'hotel2@mail.com'),
(3, 'Coral Sea Hotel', 'Шарм-еш-Шейх, Набк Бей, 12', 'Готель для дайвінгу', '+201001110002', 'hotel3@mail.com'),
(4, 'Red Lagoon Resort', 'Хургада, Beach Road, 7', 'Готель з басейном', '+201001110003', 'hotel4@mail.com'),
(5, 'Barcelona Plaza', 'Барселона, Carrer de Marina, 25', 'Міський готель', '+34931110003', 'hotel5@mail.com'),
(6, 'Cretan Pearl', 'Крит, Heraklion Beach Road, 3', 'Готель для сімей', '+30281110005', 'hotel6@mail.com'),
(7, 'Adriatic Blue', 'Будва, Slovenska Obala, 8', 'Готель біля моря', '+382331110004', 'hotel7@mail.com'),
(8, 'Rimini Coast Hotel', 'Ріміні, Via del Mare, 22', 'Готель біля узбережжя', '+390541110006', 'hotel8@mail.com'),
(9, 'Sunny Beach Club', 'Сонячний Берег, Central Alley, 4', 'Курортний готель', '+359551110007', 'hotel9@mail.com'),
(10, 'Desert Pearl Dubai', 'Дубай, Jumeirah Road, 18', 'Преміум готель', '+97141110008', 'hotel10@mail.com');

INSERT INTO employees (role_id, full_name, birth_date, phone, email, hire_date, dismissal_date, notes) VALUES
(1, 'Бондаренко Наталія Ігорівна', '1991-03-14', '+380501110001', 'emp1@agency.ua', '2023-05-10', NULL, 'Менеджер'),
(1, 'Мельник Артем Вікторович', '1994-08-22', '+380501110002', 'emp2@agency.ua', '2024-01-15', NULL, 'Менеджер'),
(2, 'Ткаченко Ірина Василівна', '1988-12-01', '+380501110003', 'emp3@agency.ua', '2022-09-01', NULL, 'HR'),
(3, 'Гнатюк Олександр Петрович', '1980-06-30', '+380501110004', 'emp4@agency.ua', '2020-02-01', NULL, 'Керівник'),
(4, 'Романюк Світлана Андріївна', '1987-10-09', '+380501110005', 'emp5@agency.ua', '2021-07-20', NULL, 'Бухгалтер'),
(1, 'Савченко Олег Миколайович', '1990-01-18', '+380501110006', 'emp6@agency.ua', '2023-03-12', NULL, 'Старший менеджер'),
(1, 'Клименко Анна Сергіївна', '1996-11-02', '+380501110007', 'emp7@agency.ua', '2024-02-05', NULL, 'Менеджер'),
(4, 'Лисенко Тетяна Вікторівна', '1985-04-27', '+380501110008', 'emp8@agency.ua', '2022-05-14', NULL, 'Бухгалтер'),
(2, 'Марчук Денис Павлович', '1997-09-09', '+380501110009', 'emp9@agency.ua', '2024-06-01', NULL, 'Підтримка'),
(3, 'Сидоренко Катерина Олегівна', '1992-07-11', '+380501110010', 'emp10@agency.ua', '2023-10-01', NULL, 'Адміністратор');

INSERT INTO tours (tour_operator_id, hotel_id, created_by_employee_id, name, description, duration_days, base_price) VALUES
(1, 1, 4, 'Анталія All Inclusive 7 ночей', 'Пляжний відпочинок в Анталії', 7, 28500.00),
(1, 2, 4, 'Аланія для всієї родини', 'Сімейний відпочинок', 7, 25900.00),
(3, 3, 4, 'Шарм-еш-Шейх кораловий риф', 'Тур до Єгипту', 8, 24800.00),
(3, 4, 4, 'Хургада сонце і море', 'Відпочинок у Хургаді', 7, 23200.00),
(2, 5, 4, 'Барселона міські канікули', 'Екскурсійний тур', 5, 31900.00),
(2, 6, 4, 'Крит сімейний релакс', 'Тур на Крит', 10, 34200.00),
(4, 7, 4, 'Будва літня відпустка', 'Відпочинок на Адріатиці', 7, 22100.00),
(5, 8, 4, 'Ріміні морський бриз', 'Літній тур до Італії', 6, 27600.00),
(6, 9, 4, 'Болгарія доступний відпочинок', 'Бюджетний тур', 7, 19800.00),
(10, 10, 4, 'Дубай преміум відпочинок', 'Преміум відпочинок в ОАЕ', 6, 45800.00);

INSERT INTO tour_departures (tour_id, departure_date, return_date, price, carrier_id) VALUES
(1, '2025-07-10', '2025-07-17', 29500.00, 1),
(2, '2025-07-12', '2025-07-19', 26600.00, 2),
(3, '2025-07-15', '2025-07-23', 25500.00, 1),
(4, '2025-07-18', '2025-07-25', 23900.00, 4),
(5, '2025-09-01', '2025-09-06', 32900.00, 2),
(6, '2025-08-18', '2025-08-28', 34900.00, 8),
(7, '2025-07-20', '2025-07-27', 22800.00, 3),
(8, '2025-08-05', '2025-08-11', 28400.00, 5),
(9, '2025-07-25', '2025-08-01', 20500.00, 7),
(10, '2025-10-03', '2025-10-09', 47200.00, 9);

INSERT INTO applications (tour_id, comment, created_at) VALUES
(1, 'Цікавить відпочинок для двох дорослих і дитини', '2025-05-20 11:30:00'),
(2, 'Потрібен дитячий клуб у готелі', '2025-05-21 13:10:00'),
(3, 'Потрібен готель з піщаним пляжем', '2025-05-22 17:40:00'),
(4, 'Розглядаємо тур на серпень', '2025-05-23 10:05:00'),
(5, 'Хочу екскурсійний тур на початок осені', '2025-05-24 12:00:00'),
(6, 'Потрібен номер для сім’ї з дитиною', '2025-05-24 15:15:00'),
(7, 'Цікавить бюджетний відпочинок біля моря', '2025-05-25 09:25:00'),
(8, 'Хочу тур для пари', '2025-05-26 16:45:00'),
(9, 'Потрібен недорогий варіант у липні', '2025-05-27 14:00:00'),
(10, 'Цікавить преміум-сегмент', '2025-05-28 18:20:00');

INSERT INTO clients_applications (clients_id, applications_id) VALUES
(1, 1),
(2, 2),
(3, 3),
(4, 4),
(5, 5),
(6, 6),
(7, 7),
(8, 8),
(9, 9),
(10, 10);

INSERT INTO bookings (client_id, tour_departure_id, manager_id, booking_date, total_price, paid_amount, notes, status) VALUES
(1, 1, 1, '2025-05-25 12:00:00', 29500.00, 10000.00, 'Часткова передплата', 'partially_paid'),
(2, 2, 2, '2025-05-26 15:20:00', 26600.00, 26600.00, 'Оплачено повністю', 'paid'),
(3, 3, 1, '2025-05-27 10:45:00', 25500.00, 0.00, 'Очікує договір', 'new'),
(4, 4, 2, '2025-05-28 09:15:00', 23900.00, 23900.00, 'Сімейний тур', 'confirmed'),
(5, 5, 6, '2025-05-29 13:00:00', 32900.00, 5000.00, 'Передплата внесена', 'pending'),
(6, 6, 7, '2025-05-30 11:10:00', 34900.00, 34900.00, 'Оплачено', 'paid'),
(7, 7, 6, '2025-05-31 16:40:00', 22800.00, 3000.00, 'Бюджетний варіант', 'partially_paid'),
(8, 8, 2, '2025-06-01 10:00:00', 28400.00, 0.00, 'Очікує оплату', 'new'),
(9, 9, 1, '2025-06-02 14:25:00', 20500.00, 20500.00, 'Підтверджене бронювання', 'confirmed'),
(10, 10, 6, '2025-06-03 17:30:00', 47200.00, 20000.00, 'VIP-клієнт', 'partially_paid');

INSERT INTO contracts (booking_id, contract_number, contract_date, file_path) VALUES
(1, 'DOG-2025-001', '2025-05-25', '/contracts/1.pdf'),
(2, 'DOG-2025-002', '2025-05-26', '/contracts/2.pdf'),
(3, 'DOG-2025-003', '2025-05-27', '/contracts/3.pdf'),
(4, 'DOG-2025-004', '2025-05-28', '/contracts/4.pdf'),
(5, 'DOG-2025-005', '2025-05-29', '/contracts/5.pdf'),
(6, 'DOG-2025-006', '2025-05-30', '/contracts/6.pdf'),
(7, 'DOG-2025-007', '2025-05-31','/contracts/7.pdf'),
(8, 'DOG-2025-008', '2025-06-01', '/contracts/8.pdf'),
(9, 'DOG-2025-009', '2025-06-02', '/contracts/9.pdf'),
(10, 'DOG-2025-010', '2025-06-03', '/contracts/10.pdf');

INSERT INTO tourists (full_name, birth_date, gender, passport_data, citizenship, notes) VALUES
('Іваненко Олена Сергіївна', '1990-04-12', 'Female', 'ER123456', 'Україна', 'Основний турист'),
('Іваненко Максим Олексійович', '2015-06-18', 'Male', 'CH987654', 'Україна', 'Дитина'),
('Петренко Андрій Миколайович', '1985-09-03', 'Other', 'MK456789', 'Україна', 'Подорожує сам'),
('Ковальчук Марія Олегівна', '1995-07-21', 'Female', 'AN654321', 'Україна', 'Турист'),
('Шевченко Дмитро Ігорович', '1992-11-17', 'Male', 'BT112233', 'Україна', 'Основний турист'),
('Шевченко Софія Дмитрівна', '2018-03-02', 'Female', 'DT445566', 'Україна', 'Дитина'),
('Бондар Ірина Павлівна', '1988-05-06', 'Female', 'KR778899', 'Україна', 'Подорожує з чоловіком'),
('Бондар Павло Сергійович', '1986-02-11', 'Male', 'KR998877', 'Україна', 'Супутній турист'),
('Ткачук Аліна Романівна', '1998-10-10', 'Female', 'RM223344', 'Україна', 'Бюджетний тур'),
('Романюк Назар Олегович', '1993-12-14', 'Male', 'OR556677', 'Україна', 'Пляжний відпочинок');

INSERT INTO booking_tourists (booking_id, tourist_id) VALUES
(1, 1),
(1, 2),
(2, 3),
(3, 4),
(4, 5),
(4, 6),
(5, 7),
(5, 8),
(7, 9),
(8, 10);

INSERT INTO documents (tourist_id, document_type, file_path, upload_date, comment, status) VALUES
(1, 'passport', '/docs/1_passport.pdf', '2025-05-26 10:00:00', 'Закордонний паспорт', 'uploaded'),
(2, 'birth_certificate', '/docs/2_birth.pdf', '2025-05-26 10:05:00', 'Свідоцтво про народження', 'approved'),
(3, 'passport', '/docs/3_passport.pdf', '2025-05-27 11:20:00', 'Паспорт', 'rejected'),
(4, 'passport', '/docs/4_passport.pdf', '2025-05-27 12:00:00', 'Паспорт', 'pending_review'),
(5, 'insurance', '/docs/5_insurance.pdf', '2025-05-29 09:40:00', 'Страховий поліс', 'expired'),
(6, 'passport', '/docs/6_passport.pdf', '2025-05-29 09:42:00', 'Дитячий документ', 'uploaded'),
(7, 'passport', '/docs/7_passport.pdf', '2025-05-30 10:00:00', 'Основний документ', 'approved'),
(8, 'passport', '/docs/8_passport.pdf', '2025-05-30 10:05:00', 'Документ супутнього туриста', 'approved'),
(9, 'insurance', '/docs/9_insurance.pdf', '2025-05-31 14:10:00', 'Медичне страхування', 'approved'),
(10, 'voucher', '/docs/10_voucher.pdf', '2025-06-01 15:15:00', 'Туристичний ваучер', 'approved');

INSERT INTO bookings_promo_codes (bookings_id, promo_codes_id) VALUES
(1, 1),
(2, 1),
(3, 1),
(4, 5),
(5, 5),
(6, 5),
(7, 8),
(8, 8),
(9, 10),
(10, 10);

INSERT INTO change_requests (booking_id, request_type, description, status, created_at, resolved_at, penalty_amount, refund_amount, comment) VALUES
(1, 'date_change', 'Клієнт просить змінити дату вильоту', 'new', '2025-06-01 10:15:00', NULL, NULL, NULL, 'Очікує підтвердження'),
(2, 'cancellation', 'Клієнт просить скасувати бронювання', 'resolved', '2025-06-02 14:30:00', '2025-06-03 11:00:00', 2500.00, 23000.00, 'Часткове повернення'),
(3, 'hotel_change', 'Потрібно змінити тип готель', 'resolved', '2025-06-03 09:20:00', '2025-06-03 15:00:00', 0.00, 0.00, 'Зміни внесено'),
(4, 'flight_change', 'Потрібно змінити рейс', 'resolved', '2025-06-04 09:00:00', '2025-06-04 12:00:00', 0.00, 0.00, 'Без доплати'),
(5, 'cancellation', 'Скасування через зміну планів', 'new', '2025-06-05 10:10:00', NULL, 1800.00, 0.00, 'Очікує рішення'),
(6, 'flight_change', 'Клієнт хоче інший трансфер', 'resolved', '2025-06-05 13:40:00', '2025-06-05 16:10:00', 300.00, 0.00, 'Оновлено'),
(7, 'date_change', 'Прохання змінити дату виїзду', 'new', '2025-06-06 08:45:00', NULL, NULL, NULL, 'Потрібне підтвердження'),
(8, 'cancellation', 'Клієнт розглядає скасування', 'new', '2025-06-06 12:50:00', NULL, 1200.00, 0.00, 'Попередній розрахунок'),
(9, 'date_change', 'Просить змінити дату виїзду', 'new', '2025-06-07 11:11:00', NULL, NULL, NULL, 'Очікує перерахунок'),
(10, 'hotel_change', 'Потрібен інший готель', 'resolved', '2025-06-08 14:14:00', '2025-06-08 17:00:00', 500.00, 0.00, 'Зміни внесено');

INSERT INTO employees_change_requests (change_requests_id, employees_id) VALUES
(1, 1),
(2, 2),
(3, 1),
(4, 2),
(5, 6),
(6, 7),
(7, 6),
(8, 2),
(9, 1),
(10, 6);

INSERT INTO refunds (booking_id, amount, refund_date, reason, comment) VALUES
(1, 0.00, '2025-06-10', 'Зміна дати', 'Повернення не виконувалось'),
(2, 23000.00, '2025-06-03', 'Скасування бронювання', 'Після штрафу'),
(3, 1200.00, '2025-06-14', 'Коригування вартості', 'Часткова компенсація'),
(4, 800.00, '2025-06-15', 'Зміна умов бронювання', 'Повернення різниці'),
(5, 5000.00, '2025-06-10', 'Часткове скасування', 'Повернення авансу'),
(6, 1500.00, '2025-06-16', 'Перерахунок послуг', 'Часткове повернення'),
(7, 300.00, '2025-06-17', 'Сервісне коригування', 'Мінімальне повернення'),
(8, 0.00, '2025-06-18', 'Повернення не передбачене', 'Тестовий запис'),
(9, 0.00, '2025-06-19', 'Без повернення', 'Тестовий запис'),
(10, 2500.00, '2025-06-20', 'Зміна тарифу', 'Компенсація різниці');

INSERT INTO audit_log (employee_id, entity_type, action_type, old_value, new_value, action_date) VALUES
(1, 'booking', 'create', NULL, '{"status":"partially_paid"}', '2025-05-25 12:00:00'),
(2, 'booking', 'create', NULL, '{"status":"paid"}', '2025-05-26 15:20:00'),
(1, 'contract', 'create', NULL, '{"contract_number":"DOG-2025-001"}', '2025-05-25 12:30:00'),
(2, 'change_request', 'resolve', '{"status":"new"}', '{"status":"resolved"}', '2025-06-03 11:00:00'),
(4, 'tour', 'create', NULL, '{"name":"Крит сімейний релакс"}', '2025-05-10 09:00:00'),
(6, 'booking', 'update', '{"status":"new"}', '{"status":"reserved"}', '2025-05-29 13:10:00'),
(7, 'booking', 'update', '{"paid_amount":0}', '{"paid_amount":34900}', '2025-05-30 12:00:00'),
(5, 'refund', 'create', NULL, '{"amount":23000.00}', '2025-06-03 11:10:00'),
(3, 'employee', 'update', '{"notes":"старі дані"}', '{"notes":"оновлені дані"}', '2025-06-04 09:45:00'),
(10, 'promo_code', 'create', NULL, '{"code":"AUTUMN8"}', '2025-05-01 08:00:00');
